images,class
DATASET_0000.jpg,1
DATASET_0001.jpg,0
DATASET_0002.jpg,1
DATASET_0003.jpg,0
DATASET_0004.jpg,0
DATASET_0005.jpg,1
DATASET_0006.jpg,1
DATASET_0007.jpg,2
DATASET_0008.jpg,1
DATASET_0009.jpg,2
DATASET_00010.jpg,1
DATASET_00011.jpg,2
DATASET_00012.jpg,1
DATASET_00013.jpg,2
DATASET_00014.jpg,1
DATASET_00015.jpg,2
DATASET_00016.jpg,1
DATASET_00017.jpg,2
DATASET_00018.jpg,1
DATASET_00019.jpg,2
DATASET_00020.jpg,1
DATASET_00021.jpg,2
DATASET_00022.jpg,1
DATASET_00023.jpg,2
DATASET_00024.jpg,1
DATASET_00025.jpg,2
DATASET_00026.jpg,1
DATASET_00027.jpg,1
DATASET_00028.jpg,1
DATASET_00029.jpg,2
DATASET_00030.jpg,1
DATASET_00031.jpg,2
DATASET_00032.jpg,1
DATASET_00033.jpg,2
DATASET_00034.jpg,1
DATASET_00035.jpg,2
DATASET_00036.jpg,1
DATASET_00037.jpg,2
DATASET_00038.jpg,1
DATASET_00039.jpg,2
DATASET_00040.jpg,1
DATASET_00041.jpg,2
DATASET_00042.jpg,1
DATASET_00043.jpg,0
DATASET_00044.jpg,1
DATASET_00045.jpg,0
DATASET_00046.jpg,1
DATASET_00047.jpg,0
DATASET_00048.jpg,1
DATASET_00049.jpg,1
DATASET_00050.jpg,1
DATASET_00051.jpg,0
DATASET_00052.jpg,1
DATASET_00053.jpg,0
DATASET_00054.jpg,1
DATASET_00055.jpg,0
DATASET_00056.jpg,1
DATASET_00057.jpg,0
DATASET_00058.jpg,1
DATASET_00059.jpg,0
DATASET_00060.jpg,1
DATASET_00061.jpg,0
DATASET_00062.jpg,1
DATASET_00063.jpg,0
DATASET_00064.jpg,1
DATASET_00065.jpg,0
DATASET_00066.jpg,1
DATASET_00067.jpg,0
DATASET_00068.jpg,1
DATASET_00069.jpg,0
DATASET_00070.jpg,1
DATASET_00071.jpg,1
DATASET_00072.jpg,0
DATASET_00073.jpg,0
DATASET_00074.jpg,0
DATASET_00075.jpg,0
DATASET_00076.jpg,0
DATASET_00077.jpg,0
DATASET_00078.jpg,0
DATASET_00079.jpg,0
DATASET_00080.jpg,1
DATASET_00081.jpg,1
DATASET_00082.jpg,0
DATASET_00083.jpg,1
DATASET_00084.jpg,0
DATASET_00085.jpg,1
DATASET_00086.jpg,0
DATASET_00087.jpg,0
DATASET_00088.jpg,0
DATASET_00089.jpg,0
DATASET_00090.jpg,1
DATASET_00091.jpg,0
DATASET_00092.jpg,1
DATASET_00093.jpg,1
DATASET_00094.jpg,1
DATASET_00095.jpg,0
DATASET_00096.jpg,1
DATASET_00097.jpg,0
DATASET_00098.jpg,1
DATASET_00099.jpg,0
DATASET_000100.jpg,1
DATASET_000102.jpg,1
DATASET_000104.jpg,1
DATASET_000106.jpg,1
DATASET_000108.jpg,1
DATASET_000110.jpg,1
DATASET_000112.jpg,1
DATASET_000114.jpg,1
DATASET_000115.jpg,1
DATASET_000116.jpg,1
DATASET_000118.jpg,1
DATASET_000120.jpg,1
DATASET_000122.jpg,1
DATASET_000124.jpg,2
DATASET_000126.jpg,2
DATASET_000128.jpg,1
DATASET_000130.jpg,2
DATASET_000132.jpg,2
DATASET_000134.jpg,2
DATASET_000136.jpg,1
DATASET_000137.jpg,1
DATASET_000138.jpg,2
DATASET_000140.jpg,2
DATASET_000142.jpg,1
DATASET_000144.jpg,1
DATASET_000146.jpg,0
DATASET_000148.jpg,0
DATASET_000150.jpg,0
DATASET_000152.jpg,1
DATASET_000154.jpg,0
DATASET_000156.jpg,0
DATASET_000158.jpg,1
DATASET_000159.jpg,1
DATASET_000160.jpg,0
DATASET_000162.jpg,0
DATASET_000164.jpg,0
DATASET_000166.jpg,0
DATASET_000168.jpg,0
DATASET_000170.jpg,0
DATASET_000172.jpg,0
DATASET_000174.jpg,0
DATASET_000176.jpg,1
DATASET_000178.jpg,0
DATASET_000180.jpg,1
DATASET_000181.jpg,1
DATASET_000182.jpg,0
DATASET_000184.jpg,0
DATASET_000186.jpg,0
DATASET_000188.jpg,0
DATASET_000190.jpg,0
DATASET_000192.jpg,0
DATASET_000194.jpg,0
DATASET_000196.jpg,0
DATASET_000198.jpg,0
DATASET_000200.jpg,0
DATASET_000202.jpg,1
DATASET_000203.jpg,1
DATASET_000204.jpg,0
DATASET_000206.jpg,0
DATASET_000208.jpg,0
DATASET_000210.jpg,0
DATASET_000212.jpg,0
DATASET_000214.jpg,0
DATASET_000216.jpg,0
DATASET_000218.jpg,0
DATASET_000220.jpg,0
DATASET_000222.jpg,0
DATASET_000224.jpg,0
DATASET_000225.jpg,0
DATASET_000226.jpg,1
DATASET_000227.jpg,1
DATASET_000228.jpg,0
DATASET_000230.jpg,0
DATASET_000232.jpg,0
DATASET_000234.jpg,0
DATASET_000236.jpg,0
DATASET_000238.jpg,0
DATASET_000240.jpg,0
DATASET_000242.jpg,0
DATASET_000244.jpg,0
DATASET_000246.jpg,0
DATASET_000248.jpg,1
DATASET_000249.jpg,1
DATASET_000250.jpg,0
DATASET_000252.jpg,0
DATASET_000254.jpg,1
DATASET_000256.jpg,1
DATASET_000258.jpg,1
DATASET_000260.jpg,1
DATASET_000262.jpg,1
DATASET_000264.jpg,1
DATASET_000266.jpg,1
DATASET_000268.jpg,1
DATASET_000270.jpg,1
DATASET_000271.jpg,1
DATASET_000272.jpg,1
DATASET_000274.jpg,1
DATASET_000276.jpg,1
DATASET_000278.jpg,0
DATASET_000280.jpg,1
DATASET_000282.jpg,1
DATASET_000284.jpg,1
DATASET_000286.jpg,1
DATASET_000288.jpg,1
DATASET_000290.jpg,1
DATASET_000292.jpg,1
DATASET_000293.jpg,1
DATASET_000294.jpg,1
DATASET_000296.jpg,1
DATASET_000298.jpg,1
DATASET_000300.jpg,1
DATASET_000302.jpg,0
DATASET_000304.jpg,1
DATASET_000306.jpg,0
DATASET_000308.jpg,0
DATASET_000310.jpg,0
DATASET_000312.jpg,0
DATASET_000314.jpg,1
DATASET_000315.jpg,1
DATASET_000316.jpg,0
DATASET_000318.jpg,0
DATASET_000320.jpg,1
DATASET_000322.jpg,1
DATASET_000324.jpg,1
DATASET_000326.jpg,0
DATASET_000328.jpg,1
DATASET_000330.jpg,1
DATASET_000332.jpg,1
DATASET_000334.jpg,1
DATASET_000336.jpg,1
DATASET_000337.jpg,1
DATASET_000338.jpg,1
DATASET_000340.jpg,1
DATASET_000342.jpg,2
DATASET_000344.jpg,2
DATASET_000346.jpg,2
DATASET_000348.jpg,2
DATASET_000350.jpg,0
DATASET_000352.jpg,2
DATASET_000354.jpg,1
DATASET_000356.jpg,1
DATASET_000358.jpg,2
DATASET_000359.jpg,1
DATASET_000360.jpg,1
DATASET_000362.jpg,1
DATASET_000364.jpg,0
DATASET_000366.jpg,0
DATASET_000368.jpg,0
DATASET_000370.jpg,0
DATASET_000372.jpg,0
DATASET_000374.jpg,0
DATASET_000376.jpg,0
DATASET_000378.jpg,0
DATASET_000380.jpg,2
DATASET_000381.jpg,1
DATASET_000382.jpg,0
DATASET_000384.jpg,0
DATASET_000386.jpg,0
DATASET_000388.jpg,0
DATASET_000390.jpg,0
DATASET_000392.jpg,0
DATASET_000394.jpg,0
DATASET_000396.jpg,0
DATASET_000398.jpg,0
DATASET_000400.jpg,0
DATASET_000402.jpg,2
DATASET_000403.jpg,1
DATASET_000404.jpg,0
DATASET_000406.jpg,0
DATASET_000408.jpg,0
DATASET_000410.jpg,0
DATASET_000412.jpg,0
DATASET_000414.jpg,1
DATASET_000416.jpg,1
DATASET_000418.jpg,1
DATASET_000420.jpg,0
DATASET_000422.jpg,1
DATASET_000424.jpg,2
DATASET_000425.jpg,1
DATASET_000426.jpg,0
DATASET_000428.jpg,0
DATASET_000430.jpg,0
DATASET_000432.jpg,0
DATASET_000434.jpg,0
DATASET_000436.jpg,0
DATASET_000438.jpg,0
DATASET_000440.jpg,1
DATASET_000442.jpg,1
DATASET_000444.jpg,1
DATASET_000446.jpg,0
DATASET_000447.jpg,0
DATASET_000448.jpg,2
DATASET_000449.jpg,0
DATASET_000450.jpg,1
DATASET_000452.jpg,1
DATASET_000454.jpg,1
DATASET_000456.jpg,1
DATASET_000458.jpg,1
DATASET_000460.jpg,1
DATASET_000462.jpg,1
DATASET_000464.jpg,1
DATASET_000466.jpg,1
DATASET_000468.jpg,1
DATASET_000470.jpg,2
DATASET_000471.jpg,0
DATASET_000472.jpg,1
DATASET_000474.jpg,1
DATASET_000476.jpg,1
DATASET_000478.jpg,1
DATASET_000480.jpg,1
DATASET_000482.jpg,1
DATASET_000484.jpg,1
DATASET_000486.jpg,1
DATASET_000488.jpg,1
DATASET_000490.jpg,0
DATASET_000492.jpg,2
DATASET_000493.jpg,0
DATASET_000494.jpg,0
DATASET_000496.jpg,0
DATASET_000498.jpg,1
DATASET_000500.jpg,0
DATASET_000502.jpg,0
DATASET_000504.jpg,0
DATASET_000506.jpg,0
DATASET_000508.jpg,0
DATASET_000510.jpg,1
DATASET_000512.jpg,1
DATASET_000514.jpg,1
DATASET_000515.jpg,0
DATASET_000516.jpg,1
DATASET_000518.jpg,1
DATASET_000520.jpg,1
DATASET_000522.jpg,1
DATASET_000524.jpg,1
DATASET_000526.jpg,1
DATASET_000528.jpg,1
DATASET_000530.jpg,1
DATASET_000532.jpg,1
DATASET_000534.jpg,1
DATASET_000536.jpg,1
DATASET_000537.jpg,0
DATASET_000538.jpg,1
DATASET_000540.jpg,1
DATASET_000542.jpg,1
DATASET_000544.jpg,1
DATASET_000546.jpg,1
DATASET_000548.jpg,1
DATASET_000550.jpg,1
DATASET_000552.jpg,1
DATASET_000554.jpg,1
DATASET_000556.jpg,1
DATASET_000558.jpg,1
DATASET_000559.jpg,0
DATASET_000560.jpg,1
DATASET_000562.jpg,1
DATASET_000564.jpg,1
DATASET_000566.jpg,1
DATASET_000568.jpg,1
DATASET_000570.jpg,1
DATASET_000572.jpg,1
DATASET_000574.jpg,1
DATASET_000576.jpg,1
DATASET_000578.jpg,1
DATASET_000580.jpg,1
DATASET_000581.jpg,1
DATASET_000582.jpg,1
DATASET_000584.jpg,1
DATASET_000586.jpg,1
DATASET_000588.jpg,1
DATASET_000590.jpg,1
DATASET_000592.jpg,0
DATASET_000594.jpg,1
DATASET_000602.jpg,1
DATASET_000603.jpg,1
DATASET_000624.jpg,0
DATASET_000625.jpg,1
DATASET_000646.jpg,0
DATASET_000647.jpg,1
DATASET_000668.jpg,0
DATASET_000669.jpg,0
DATASET_000670.jpg,0
DATASET_000671.jpg,1
DATASET_000692.jpg,0
DATASET_000693.jpg,1
DATASET_000714.jpg,0
DATASET_000715.jpg,1
DATASET_000736.jpg,0
DATASET_000737.jpg,1
DATASET_000753.jpg,0
DATASET_000755.jpg,0
DATASET_000757.jpg,0
DATASET_000758.jpg,0
DATASET_000759.jpg,1
DATASET_000761.jpg,0
DATASET_000763.jpg,0
DATASET_000765.jpg,0
DATASET_000767.jpg,0
DATASET_000769.jpg,0
DATASET_000771.jpg,0
DATASET_000773.jpg,0
DATASET_000775.jpg,0
DATASET_000777.jpg,0
DATASET_000779.jpg,0
DATASET_000780.jpg,1
DATASET_000781.jpg,1
DATASET_000783.jpg,0
DATASET_000785.jpg,0
DATASET_000787.jpg,0
DATASET_000789.jpg,0
DATASET_000791.jpg,0
DATASET_000793.jpg,0
DATASET_000795.jpg,0
DATASET_000797.jpg,0
DATASET_000799.jpg,0
DATASET_000801.jpg,0
DATASET_000802.jpg,0
DATASET_000803.jpg,1
DATASET_000805.jpg,2
DATASET_000807.jpg,2
DATASET_000809.jpg,2
DATASET_000811.jpg,2
DATASET_000813.jpg,2
DATASET_000815.jpg,2
DATASET_000817.jpg,2
DATASET_000819.jpg,2
DATASET_000821.jpg,2
DATASET_000823.jpg,2
DATASET_000824.jpg,0
DATASET_000825.jpg,1
DATASET_000827.jpg,2
DATASET_000829.jpg,2
DATASET_000831.jpg,1
DATASET_000833.jpg,1
DATASET_000835.jpg,1
DATASET_000837.jpg,1
DATASET_000839.jpg,1
DATASET_000841.jpg,0
DATASET_000843.jpg,0
DATASET_000845.jpg,0
DATASET_000846.jpg,0
DATASET_000847.jpg,2
DATASET_000849.jpg,0
DATASET_000851.jpg,0
DATASET_000853.jpg,0
DATASET_000855.jpg,0
DATASET_000857.jpg,0
DATASET_000859.jpg,2
DATASET_000861.jpg,2
DATASET_000863.jpg,2
DATASET_000865.jpg,2
DATASET_000867.jpg,2
DATASET_000868.jpg,0
DATASET_000869.jpg,2
DATASET_000871.jpg,2
DATASET_000873.jpg,2
DATASET_000875.jpg,2
DATASET_000877.jpg,2
DATASET_000879.jpg,2
DATASET_000881.jpg,2
DATASET_000883.jpg,2
DATASET_000885.jpg,2
DATASET_000887.jpg,2
DATASET_000889.jpg,2
DATASET_000890.jpg,0
DATASET_000891.jpg,0
DATASET_000892.jpg,0
DATASET_000893.jpg,2
DATASET_000895.jpg,2
DATASET_000897.jpg,2
DATASET_000899.jpg,2
DATASET_000901.jpg,2
DATASET_000903.jpg,2
DATASET_000905.jpg,2
DATASET_000907.jpg,2
DATASET_000909.jpg,1
DATASET_000911.jpg,1
DATASET_000913.jpg,1
DATASET_000914.jpg,0
DATASET_000915.jpg,2
DATASET_000917.jpg,0
DATASET_000919.jpg,0
DATASET_000921.jpg,0
DATASET_000923.jpg,0
DATASET_000925.jpg,0
DATASET_000927.jpg,0
DATASET_000929.jpg,1
DATASET_000931.jpg,1
DATASET_000933.jpg,0
DATASET_000935.jpg,0
DATASET_000936.jpg,0
DATASET_000937.jpg,2
DATASET_000939.jpg,0
DATASET_000941.jpg,0
DATASET_000943.jpg,0
DATASET_000945.jpg,0
DATASET_000947.jpg,0
DATASET_000949.jpg,0
DATASET_000951.jpg,0
DATASET_000953.jpg,0
DATASET_000955.jpg,0
DATASET_000957.jpg,0
DATASET_000958.jpg,0
DATASET_000959.jpg,1
DATASET_000961.jpg,0
DATASET_000963.jpg,0
DATASET_000965.jpg,0
DATASET_000967.jpg,0
DATASET_000969.jpg,0
DATASET_000971.jpg,0
DATASET_000973.jpg,0
DATASET_000975.jpg,0
DATASET_000977.jpg,0
DATASET_000979.jpg,0
DATASET_000980.jpg,0
DATASET_000981.jpg,1
DATASET_000983.jpg,0
DATASET_000985.jpg,0
DATASET_000987.jpg,0
DATASET_000989.jpg,0
DATASET_000991.jpg,0
DATASET_000993.jpg,0
DATASET_000995.jpg,0
DATASET_000997.jpg,0
DATASET_000999.jpg,0
DATASET_0001001.jpg,0
DATASET_0001002.jpg,0
DATASET_0001003.jpg,1
DATASET_0001005.jpg,0
DATASET_0001007.jpg,1
DATASET_0001009.jpg,0
DATASET_0001011.jpg,0
DATASET_0001013.jpg,0
DATASET_0001015.jpg,0
DATASET_0001017.jpg,0
DATASET_0001019.jpg,0
DATASET_0001021.jpg,0
DATASET_0001023.jpg,0
DATASET_0001024.jpg,1
DATASET_0001025.jpg,1
DATASET_0001027.jpg,0
DATASET_0001029.jpg,0
DATASET_0001031.jpg,1
DATASET_0001033.jpg,0
DATASET_0001035.jpg,0
DATASET_0001037.jpg,0
DATASET_0001039.jpg,0
DATASET_0001041.jpg,0
DATASET_0001043.jpg,0
DATASET_0001045.jpg,0
DATASET_0001046.jpg,0
DATASET_0001047.jpg,0
DATASET_0001049.jpg,0
DATASET_0001051.jpg,0
DATASET_0001053.jpg,0
DATASET_0001055.jpg,1
DATASET_0001057.jpg,0
DATASET_0001059.jpg,0
DATASET_0001061.jpg,0
DATASET_0001063.jpg,0
DATASET_0001065.jpg,0
DATASET_0001067.jpg,0
DATASET_0001068.jpg,0
DATASET_0001069.jpg,0
DATASET_0001071.jpg,1
DATASET_0001073.jpg,1
DATASET_0001075.jpg,1
DATASET_0001077.jpg,1
DATASET_0001079.jpg,1
DATASET_0001081.jpg,1
DATASET_0001083.jpg,1
DATASET_0001085.jpg,1
DATASET_0001088.jpg,0
DATASET_0001089.jpg,0
DATASET_0001100.jpg,0
DATASET_0001101.jpg,0
DATASET_0001102.jpg,0
DATASET_0001103.jpg,0
DATASET_0001114.jpg,0
DATASET_0001115.jpg,0
DATASET_0001126.jpg,0
DATASET_0001127.jpg,0
DATASET_0001138.jpg,0
DATASET_0001150.jpg,0
DATASET_0001151.jpg,0
DATASET_0001162.jpg,0
DATASET_0001163.jpg,0
DATASET_0001174.jpg,0
DATASET_0001175.jpg,0
DATASET_0001186.jpg,1
DATASET_0001187.jpg,0
DATASET_0001198.jpg,0
DATASET_0001199.jpg,0
DATASET_0001210.jpg,0
DATASET_0001211.jpg,0
DATASET_0001222.jpg,0
DATASET_0001223.jpg,0
DATASET_0001224.jpg,0
DATASET_0001225.jpg,0
DATASET_0001236.jpg,0
DATASET_0001237.jpg,1
DATASET_0001248.jpg,0
DATASET_0001249.jpg,1
DATASET_0001260.jpg,0
DATASET_0001261.jpg,1
DATASET_0001266.jpg,0
DATASET_0001267.jpg,1
DATASET_0001268.jpg,0
DATASET_0001269.jpg,1
DATASET_0001270.jpg,0
DATASET_0001271.jpg,1
DATASET_0001272.jpg,0
DATASET_0001273.jpg,1
DATASET_0001274.jpg,1
DATASET_0001275.jpg,1
DATASET_0001276.jpg,0
DATASET_0001277.jpg,1
DATASET_0001278.jpg,0
DATASET_0001279.jpg,0
DATASET_0001280.jpg,0
DATASET_0001281.jpg,0
DATASET_0001282.jpg,0
DATASET_0001283.jpg,0
DATASET_0001284.jpg,0
DATASET_0001285.jpg,0
DATASET_0001286.jpg,0
DATASET_0001287.jpg,0
DATASET_0001288.jpg,0
DATASET_0001289.jpg,0
DATASET_0001290.jpg,0
DATASET_0001291.jpg,0
DATASET_0001292.jpg,0
DATASET_0001293.jpg,0
DATASET_0001294.jpg,0
DATASET_0001295.jpg,0
DATASET_0001296.jpg,0
DATASET_0001297.jpg,2
DATASET_0001298.jpg,1
DATASET_0001299.jpg,2
DATASET_0001300.jpg,0
DATASET_0001301.jpg,1
DATASET_0001302.jpg,0
DATASET_0001303.jpg,2
DATASET_0001304.jpg,0
DATASET_0001305.jpg,2
DATASET_0001306.jpg,1
DATASET_0001307.jpg,2
DATASET_0001308.jpg,1
DATASET_0001309.jpg,2
DATASET_0001310.jpg,1
DATASET_0001311.jpg,2
DATASET_0001312.jpg,1
DATASET_0001313.jpg,2
DATASET_0001314.jpg,1
DATASET_0001315.jpg,2
DATASET_0001316.jpg,1
DATASET_0001317.jpg,2
DATASET_0001318.jpg,1
DATASET_0001319.jpg,2
DATASET_0001320.jpg,1
DATASET_0001321.jpg,2
DATASET_0001711.jpg,0
DATASET_0001712.jpg,0
DATASET_0001714.jpg,0
DATASET_0001715.jpg,0
DATASET_0001716.jpg,0
DATASET_0001717.jpg,0
DATASET_0002175.jpg,0
DATASET_0002176.jpg,0
DATASET_0002177.jpg,0
DATASET_0002178.jpg,0
DATASET_0002180.jpg,0
DATASET_0002181.jpg,0
DATASET_0002182.jpg,0
DATASET_0002183.jpg,0
DATASET_0002184.jpg,0
DATASET_0002185.jpg,0
DATASET_0002186.jpg,0
DATASET_0003368.jpg,0
DATASET_0003379.jpg,0
DATASET_0003390.jpg,0
DATASET_0003401.jpg,0
DATASET_0003412.jpg,0
DATASET_0003423.jpg,0
DATASET_0003435.jpg,0
DATASET_0003446.jpg,0
DATASET_0003457.jpg,0
DATASET_0003468.jpg,0
DATASET_0003479.jpg,0
DATASET_0003490.jpg,0
DATASET_0003501.jpg,0
DATASET_0003512.jpg,0
DATASET_0003523.jpg,0
DATASET_0003534.jpg,0
DATASET_0003547.jpg,0
DATASET_0003558.jpg,0
DATASET_0003569.jpg,0
DATASET_0003580.jpg,0
DATASET_0003591.jpg,0
DATASET_0003602.jpg,0
DATASET_0003613.jpg,0
DATASET_0003624.jpg,0
DATASET_0003635.jpg,0
DATASET_0003646.jpg,0
DATASET_0003658.jpg,0
DATASET_0004565.jpg,0
DATASET_0004566.jpg,0
DATASET_0004567.jpg,0
DATASET_0004569.jpg,0
DATASET_0005640.jpg,2
DATASET_0005641.jpg,2
DATASET_0005642.jpg,2
DATASET_0005643.jpg,2
DATASET_0005644.jpg,2
DATASET_0005646.jpg,2
DATASET_0005647.jpg,2
DATASET_0005648.jpg,2
DATASET_0005649.jpg,2
DATASET_0005650.jpg,2
DATASET_0005651.jpg,2
DATASET_0005652.jpg,2
DATASET_0005653.jpg,2
DATASET_0005654.jpg,2
DATASET_0005655.jpg,2
DATASET_0005658.jpg,2
DATASET_0005659.jpg,2
DATASET_0005660.jpg,2
DATASET_0005661.jpg,2
DATASET_0005662.jpg,2
DATASET_0005663.jpg,2
DATASET_0005876.jpg,2
DATASET_0005877.jpg,2
DATASET_0005878.jpg,2
DATASET_0005879.jpg,2
DATASET_0005880.jpg,2
DATASET_0005881.jpg,2
DATASET_0005882.jpg,2
DATASET_0005883.jpg,2
DATASET_0005885.jpg,2
DATASET_0005886.jpg,2
DATASET_0005887.jpg,2
DATASET_0005888.jpg,2
DATASET_0005889.jpg,2
DATASET_0005890.jpg,2
DATASET_0005891.jpg,2
DATASET_0005892.jpg,2
DATASET_0005893.jpg,2
DATASET_0005894.jpg,2
DATASET_0005897.jpg,2
DATASET_0005898.jpg,2
DATASET_0005899.jpg,2
DATASET_0005900.jpg,2
DATASET_0005901.jpg,2
DATASET_0005902.jpg,2
DATASET_0005903.jpg,2
DATASET_0005904.jpg,2
DATASET_0005905.jpg,2
DATASET_0005906.jpg,2
DATASET_0005908.jpg,2
DATASET_0005909.jpg,2
DATASET_0005910.jpg,2
DATASET_0005911.jpg,2
DATASET_0005912.jpg,2
DATASET_0005913.jpg,2
DATASET_0005914.jpg,2
DATASET_0005915.jpg,2
DATASET_0005916.jpg,2
DATASET_0005917.jpg,2
DATASET_0006065.jpg,1
DATASET_0006066.jpg,1
DATASET_0006067.jpg,1
DATASET_0006068.jpg,1
DATASET_0006069.jpg,1
DATASET_0006070.jpg,1
DATASET_0006071.jpg,1
DATASET_0006075.jpg,0
DATASET_0006076.jpg,0
DATASET_0006077.jpg,0
DATASET_0006078.jpg,0
DATASET_0006079.jpg,0
DATASET_0006080.jpg,0
DATASET_0006081.jpg,0
DATASET_0006082.jpg,0
DATASET_0006083.jpg,0
DATASET_0006085.jpg,0
DATASET_0006360.jpg,0
DATASET_0006361.jpg,0
DATASET_0006362.jpg,0
DATASET_0006363.jpg,0
DATASET_0006365.jpg,0
DATASET_0006366.jpg,0
DATASET_0006367.jpg,0
DATASET_0006368.jpg,0
DATASET_0006369.jpg,0
DATASET_0006370.jpg,0
DATASET_0006371.jpg,0
DATASET_0006372.jpg,0
DATASET_0006373.jpg,0
DATASET_0006374.jpg,0
DATASET_0006376.jpg,0
DATASET_0006377.jpg,0
DATASET_0006378.jpg,0
DATASET_0006379.jpg,0
DATASET_0006380.jpg,0
DATASET_0006381.jpg,0
DATASET_0006382.jpg,0
DATASET_0006383.jpg,0
DATASET_0006384.jpg,0
DATASET_0006385.jpg,0
DATASET_0006387.jpg,0
DATASET_0006388.jpg,0
DATASET_0006389.jpg,0
DATASET_0006390.jpg,0
DATASET_0006391.jpg,0
DATASET_0006392.jpg,0
DATASET_0006393.jpg,0
DATASET_0006394.jpg,0
DATASET_0007714.jpg,0
DATASET_0007715.jpg,0
DATASET_0007716.jpg,0
DATASET_0007717.jpg,0
DATASET_0007718.jpg,0
DATASET_0007720.jpg,0
DATASET_0007721.jpg,0
DATASET_0007722.jpg,0
DATASET_0007723.jpg,0
DATASET_0007724.jpg,0
DATASET_0007725.jpg,0
DATASET_0007726.jpg,0
DATASET_0007727.jpg,0
DATASET_0007728.jpg,0
DATASET_0007729.jpg,0
DATASET_0007731.jpg,0
DATASET_0007732.jpg,0
DATASET_0007733.jpg,0
DATASET_0007734.jpg,0
DATASET_0007735.jpg,0
DATASET_0007736.jpg,0
DATASET_0007737.jpg,0
DATASET_0007738.jpg,0
DATASET_0007739.jpg,0
DATASET_0007740.jpg,0
DATASET_0007742.jpg,0
DATASET_0007743.jpg,0
DATASET_0007744.jpg,0
DATASET_0007745.jpg,0
DATASET_0008002.jpg,1
DATASET_0008003.jpg,1
DATASET_0008004.jpg,1
DATASET_0008005.jpg,1
DATASET_0008006.jpg,1
DATASET_0008009.jpg,1
DATASET_0008010.jpg,1
DATASET_0008011.jpg,1
DATASET_0008012.jpg,1
DATASET_0008013.jpg,1
DATASET_0008014.jpg,1
DATASET_0008015.jpg,1
DATASET_0008016.jpg,1
DATASET_0008017.jpg,1
DATASET_0008018.jpg,1
DATASET_0008020.jpg,1
DATASET_0008021.jpg,1
DATASET_0008022.jpg,1
DATASET_0008023.jpg,1
DATASET_0008024.jpg,1
DATASET_0008025.jpg,1
DATASET_0008026.jpg,1
DATASET_0008027.jpg,1
DATASET_0008028.jpg,1
DATASET_0008113.jpg,0
DATASET_0008114.jpg,0
DATASET_0008115.jpg,0
DATASET_0008116.jpg,0
DATASET_0008117.jpg,0
DATASET_0008120.jpg,0
DATASET_0008121.jpg,0
DATASET_0008122.jpg,0
DATASET_0008123.jpg,0
DATASET_0008124.jpg,0
DATASET_0008125.jpg,0
DATASET_0008126.jpg,0
DATASET_0008550.jpg,2
DATASET_0008551.jpg,2
DATASET_0008553.jpg,2
DATASET_0008554.jpg,2
DATASET_0008555.jpg,2
DATASET_0008556.jpg,2
DATASET_0008557.jpg,2
DATASET_0008558.jpg,2
DATASET_0008559.jpg,2
DATASET_0008560.jpg,2
DATASET_0008561.jpg,2
DATASET_0008562.jpg,2
DATASET_0008565.jpg,2
DATASET_0008566.jpg,2
DATASET_0008567.jpg,2
DATASET_0008568.jpg,2
DATASET_0008569.jpg,2
DATASET_0008570.jpg,2
DATASET_0008571.jpg,2
DATASET_0008572.jpg,2
DATASET_0008573.jpg,2
DATASET_0008574.jpg,2
DATASET_0008576.jpg,2
DATASET_0008577.jpg,2
DATASET_0008578.jpg,2
DATASET_0008579.jpg,2
DATASET_0008580.jpg,2
DATASET_0008581.jpg,2
DATASET_0008582.jpg,2
DATASET_0008583.jpg,2
DATASET_0008584.jpg,2
DATASET_0008585.jpg,2
DATASET_0008587.jpg,2
DATASET_0008588.jpg,2
DATASET_0008589.jpg,2
DATASET_0008590.jpg,2
DATASET_0008591.jpg,2
DATASET_0008715.jpg,0
DATASET_0008716.jpg,0
DATASET_0008717.jpg,0
DATASET_0008718.jpg,0
DATASET_0008720.jpg,0
DATASET_0008760.jpg,1
DATASET_0008761.jpg,1
DATASET_0008762.jpg,1
DATASET_0008764.jpg,1
DATASET_0008765.jpg,1
DATASET_0008766.jpg,1
DATASET_0008767.jpg,1
DATASET_0008768.jpg,1
DATASET_0008769.jpg,1
DATASET_0008770.jpg,1
DATASET_0008771.jpg,1
DATASET_0008772.jpg,1
DATASET_0008773.jpg,1
DATASET_0008775.jpg,1
DATASET_0008776.jpg,1
DATASET_0008777.jpg,1
DATASET_0008778.jpg,1
DATASET_0008779.jpg,1
DATASET_0008780.jpg,1
DATASET_0008781.jpg,1
DATASET_0008782.jpg,1
DATASET_0008783.jpg,1
DATASET_0008784.jpg,1
DATASET_0008787.jpg,1
DATASET_0008805.jpg,0
DATASET_0008806.jpg,0
DATASET_0008807.jpg,0
DATASET_0008809.jpg,0
DATASET_0008810.jpg,0
DATASET_0008811.jpg,0
DATASET_0008812.jpg,0
DATASET_0008813.jpg,0
DATASET_0008902.jpg,2
DATASET_0008903.jpg,2
DATASET_0008904.jpg,2
DATASET_0008905.jpg,2
DATASET_0008906.jpg,2
DATASET_0008907.jpg,2
DATASET_0008909.jpg,2
DATASET_0008910.jpg,2
DATASET_0008911.jpg,2
DATASET_0008912.jpg,2
DATASET_0008913.jpg,2
DATASET_0008914.jpg,2
DATASET_0008915.jpg,2
DATASET_0008916.jpg,2
DATASET_0008917.jpg,2
DATASET_0008918.jpg,2
DATASET_0008920.jpg,2
DATASET_0008921.jpg,2
DATASET_0008922.jpg,2
DATASET_0008923.jpg,2
DATASET_0008986.jpg,1
DATASET_0008987.jpg,1
DATASET_0008988.jpg,1
DATASET_0008989.jpg,1
DATASET_0008990.jpg,1
DATASET_0008991.jpg,0
DATASET_0008992.jpg,0
DATASET_0008993.jpg,0
DATASET_0008994.jpg,0
DATASET_0008995.jpg,0
DATASET_0008997.jpg,0
DATASET_0008998.jpg,0
DATASET_0008999.jpg,0
DATASET_0009000.jpg,0
DATASET_0009001.jpg,0
DATASET_0009002.jpg,0
DATASET_0009003.jpg,0
DATASET_0009149.jpg,2
DATASET_0009150.jpg,2
DATASET_0009151.jpg,2
DATASET_0009153.jpg,2
DATASET_0009154.jpg,2
DATASET_0009155.jpg,2
DATASET_0009156.jpg,2
DATASET_0009157.jpg,2
DATASET_0009158.jpg,2
DATASET_0009159.jpg,2
DATASET_0009160.jpg,2
DATASET_0009161.jpg,2
DATASET_0009162.jpg,2
DATASET_0009164.jpg,2
DATASET_0009165.jpg,2
DATASET_0009166.jpg,2
DATASET_0009167.jpg,2
DATASET_0009168.jpg,2
DATASET_0009169.jpg,2
DATASET_0009170.jpg,2
DATASET_0009171.jpg,2
DATASET_0009172.jpg,2
DATASET_0009173.jpg,2
DATASET_0009287.jpg,1
DATASET_0009288.jpg,1
DATASET_0009289.jpg,1
DATASET_0009290.jpg,1
DATASET_0009291.jpg,1
DATASET_0009292.jpg,1
DATASET_0009293.jpg,0
DATASET_0009294.jpg,0
DATASET_0009295.jpg,0
DATASET_0009297.jpg,0
DATASET_0009298.jpg,0
DATASET_0009299.jpg,0
DATASET_0009300.jpg,0
DATASET_0009301.jpg,0
DATASET_0009302.jpg,0
DATASET_0009303.jpg,0
DATASET_0009356.jpg,0
DATASET_0009357.jpg,0
DATASET_0009358.jpg,0
DATASET_0009359.jpg,0
DATASET_0009360.jpg,0
DATASET_0009361.jpg,0
DATASET_0009362.jpg,0
DATASET_0009364.jpg,0
DATASET_0009365.jpg,0
DATASET_0009366.jpg,0
DATASET_0009367.jpg,0
DATASET_0009368.jpg,0
DATASET_0009369.jpg,0
DATASET_0009370.jpg,0
DATASET_0009371.jpg,0
DATASET_0009372.jpg,0
DATASET_0009373.jpg,0
DATASET_0009375.jpg,0
DATASET_0009376.jpg,0
DATASET_0009377.jpg,0
DATASET_0009378.jpg,0
DATASET_0009379.jpg,0
DATASET_0009380.jpg,0
DATASET_0009381.jpg,0
DATASET_0009382.jpg,0
DATASET_0009383.jpg,0
DATASET_0009384.jpg,0
DATASET_0009386.jpg,0
DATASET_0009387.jpg,0
DATASET_0009388.jpg,0
DATASET_0009389.jpg,0
DATASET_0009390.jpg,0
DATASET_0009391.jpg,0
DATASET_0009392.jpg,0
DATASET_0009393.jpg,0
DATASET_0009394.jpg,0
DATASET_0009395.jpg,0
DATASET_0009397.jpg,0
DATASET_0009398.jpg,0
DATASET_0009399.jpg,0
DATASET_0009400.jpg,0
DATASET_0009401.jpg,0
DATASET_0009402.jpg,0
DATASET_0009403.jpg,0
